{
  "version": "1.0",
  "name": "Lounge Fridge",
  "last_updated": "2025-06-30T16:46:55.287Z",
  "total_bottles": 18,
  "drawers": {
    "drawer_1": {
      "zone": "Upper",
      "temperature": 16,
      "humidity": 65,
      "mode": "red",
      "positions": {
        "1": {
          "occupied": true,
          "barcode": "8410337311274",
          "name": "Finca del Mar Cabernet Sauvignon Crianza",
          "weight": 1150,
          "placed_date": "2025-06-14T15:45:00Z",
          "aging_days": 3
        },
        "2": {
          "occupied": true,
          "barcode": "8410337311281",
          "name": "Señorío de los Llanos Reserva",
          "weight": 1120,
          "placed_date": "2025-06-15T12:00:00Z",
          "aging_days": 2
        },
        "3": {
          "occupied": false
        },
        "4": {
          "occupied": false
        },
        "5": {
          "occupied": true,
          "barcode": "8410337311267",
          "name": "Bodegas Aragonesas Solo Syrah Tirio",
          "weight": 1120,
          "placed_date": "2025-06-15T12:00:00Z",
          "aging_days": 2
        },
        "6": {
          "occupied": true,
          "barcode": "8410337311250",
          "name": "Laudum Monastrell Roble",
          "weight": 1120,
          "placed_date": "2025-06-15T12:00:00Z",
          "aging_days": 2
        },
        "7": {
          "occupied": false
        },
        "8": {
          "occupied": false
        },
        "9": {
          "occupied": false
        }
      }
    },
    "drawer_2": {
      "zone": "Upper",
      "temperature": 16,
      "humidity": 65,
      "mode": "red",
      "positions": {
        "1": {
          "occupied": true,
          "barcode": "8410337311243",
          "name": "Pata Negra Crianza",
          "weight": 1120,
          "placed_date": "2025-06-15T12:00:00Z",
          "aging_days": 2
        },
        "2": {
          "occupied": false
        },
        "3": {
          "occupied": false
        },
        "4": {
          "occupied": true,
          "barcode": "8410337311236",
          "name": "Hoya de Cadenas Cabernet Sauvignon Crianza",
          "weight": 1150,
          "placed_date": "2025-06-14T15:45:00Z",
          "aging_days": 3
        },
        "5": {
          "occupied": false
        },
        "6": {
          "occupied": false
        },
        "7": {
          "occupied": false
        },
        "8": {
          "occupied": false
        },
        "9": {
          "occupied": false
        }
      }
    },
    "drawer_3": {
      "zone": "Upper",
      "temperature": 16,
      "humidity": 65,
      "mode": "red",
      "positions": {
        "1": {
          "occupied": false
        },
        "2": {
          "occupied": false
        },
        "3": {
          "occupied": false
        },
        "4": {
          "occupied": false
        },
        "5": {
          "occupied": false
        },
        "6": {
          "occupied": false
        },
        "7": {
          "occupied": true,
          "barcode": "8410337311212",
          "name": "Viña Cumbrero Crianza",
          "weight": 1120,
          "placed_date": "2025-06-15T12:00:00Z",
          "aging_days": 2
        },
        "8": {
          "occupied": true,
          "barcode": "8410337311229",
          "name": "Montesierra Young Red Wine",
          "weight": 1150,
          "placed_date": "2025-06-14T15:45:00Z",
          "aging_days": 3
        },
        "9": {
          "occupied": false
        }
      }
    },
    "drawer_4": {
      "zone": "Middle",
      "temperature": 15,
      "humidity": 75,
      "mode": "white",
      "positions": {
        "1": {
          "occupied": true,
          "barcode": "8410337311182",
          "name": "CUATRO RAYAS Pampano Organic Afrutado Verdejo",
          "weight": 1100,
          "placed_date": "2025-06-12T08:30:00Z",
          "aging_days": 5
        },
        "2": {
          "occupied": true,
          "barcode": "8410337311199",
          "name": "Señorío de los Llanos Verdejo",
          "weight": 1100,
          "placed_date": "2025-06-12T08:30:00Z",
          "aging_days": 5
        },
        "3": {
          "occupied": false
        },
        "4": {
          "occupied": false
        },
        "5": {
          "occupied": true,
          "barcode": "8410337311205",
          "name": "Finca del Mar Verdejo",
          "weight": 1100,
          "placed_date": "2025-06-12T08:30:00Z",
          "aging_days": 5
        },
        "6": {
          "occupied": false
        },
        "7": {
          "occupied": false
        },
        "8": {
          "occupied": false
        },
        "9": {
          "occupied": false
        }
      }
    },
    "drawer_5": {
      "zone": "Middle",
      "temperature": 15,
      "humidity": 75,
      "mode": "white",
      "positions": {
        "1": {
          "occupied": true,
          "barcode": "8410337311168",
          "name": "Hoya de Cadenas Chardonnay Sauvignon Blanc",
          "weight": 1100,
          "placed_date": "2025-06-12T08:30:00Z",
          "aging_days": 5
        },
        "2": {
          "occupied": true,
          "barcode": "8410337311175",
          "name": "Celeste Verdejo",
          "weight": 1185,
          "placed_date": "2025-06-10T10:00:00Z",
          "aging_days": 7
        },
        "3": {
          "occupied": false
        },
        "4": {
          "occupied": false
        },
        "5": {
          "occupied": false
        },
        "6": {
          "occupied": false
        },
        "7": {
          "occupied": false
        },
        "8": {
          "occupied": false
        },
        "9": {
          "occupied": false
        }
      }
    },
    "drawer_6": {
      "zone": "Middle",
      "temperature": 15,
      "humidity": 75,
      "mode": "white",
      "positions": {
        "1": {
          "occupied": true,
          "barcode": "8410337311144",
          "name": "Ramón Bilbao Verdejo",
          "weight": 1100,
          "placed_date": "2025-06-12T08:30:00Z",
          "aging_days": 5
        },
        "2": {
          "occupied": false
        },
        "3": {
          "occupied": false
        },
        "4": {
          "occupied": false
        },
        "5": {
          "occupied": false
        },
        "6": {
          "occupied": true,
          "barcode": "8410337311151",
          "name": "CUATRO RAYAS Verdejo Vendimia Nocturna",
          "weight": 1100,
          "placed_date": "2025-06-12T08:30:00Z",
          "aging_days": 5
        },
        "7": {
          "occupied": true,
          "barcode": "8410337311137",
          "name": "CUATRO RAYAS Cantarranas Verdejo",
          "weight": 1185,
          "placed_date": "2025-06-10T10:00:00Z",
          "aging_days": 7
        },
        "8": {
          "occupied": false
        },
        "9": {
          "occupied": false
        }
      }
    },
    "drawer_7": {
      "zone": "Lower",
      "temperature": 17,
      "humidity": 60,
      "mode": "dessert",
      "positions": {
        "1": {
          "occupied": true,
          "barcode": "8410337311083",
          "name": "Protos Clarete Rosé Wine",
          "weight": 1050,
          "placed_date": "2025-06-16T09:00:00Z",
          "aging_days": 1
        },
        "2": {
          "occupied": true,
          "barcode": "8410337311090",
          "name": "Torres Viña Esmeralda Rosé",
          "weight": 1170,
          "placed_date": "2025-06-11T18:20:00Z",
          "aging_days": 6
        },
        "3": {
          "occupied": false
        },
        "4": {
          "occupied": false
        },
        "5": {
          "occupied": false
        },
        "6": {
          "occupied": false
        },
        "7": {
          "occupied": false
        },
        "8": {
          "occupied": false
        },
        "9": {
          "occupied": false
        }
      }
    },
    "drawer_8": {
      "zone": "Lower",
      "temperature": 17,
      "humidity": 60,
      "mode": "dessert",
      "positions": {
        "1": {
          "occupied": true,
          "barcode": "8410337311113",
          "name": "Fidencio Rosado",
          "weight": 1050,
          "placed_date": "2025-06-16T09:00:00Z",
          "aging_days": 1
        },
        "2": {
          "occupied": true,
          "barcode": "8410337311106",
          "name": "Montecillo Rosé",
          "weight": 1170,
          "placed_date": "2025-06-11T18:20:00Z",
          "aging_days": 6
        },
        "3": {
          "occupied": false
        },
        "4": {
          "occupied": false
        },
        "5": {
          "occupied": false
        },
        "6": {
          "occupied": false
        },
        "7": {
          "occupied": false
        },
        "8": {
          "occupied": false
        },
        "9": {
          "occupied": false
        }
      }
    },
    "drawer_9": {
      "zone": "Lower",
      "temperature": 17,
      "humidity": 60,
      "mode": "dessert",
      "positions": {
        "1": {
          "occupied": true,
          "barcode": "8410337311038",
          "name": "Castaño Rosado Golosa Frescura",
          "weight": 1050,
          "placed_date": "2025-06-16T09:00:00Z",
          "aging_days": 1
        },
        "2": {
          "occupied": true,
          "barcode": "8410337311045",
          "name": "Granza Organic Rosé Wine",
          "weight": 1170,
          "placed_date": "2025-06-11T18:20:00Z",
          "aging_days": 6
        },
        "3": {
          "occupied": true,
          "barcode": "8410337311052",
          "name": "Alma Atlántica Rosé",
          "weight": 1170,
          "placed_date": "2025-06-11T18:20:00Z",
          "aging_days": 6
        },
        "4": {
          "occupied": true,
          "barcode": "8410337311069",
          "name": "Cune Rosado",
          "weight": 1170,
          "placed_date": "2025-06-11T18:20:00Z",
          "aging_days": 6
        },
        "5": {
          "occupied": false
        },
        "6": {
          "occupied": false
        },
        "7": {
          "occupied": false
        },
        "8": {
          "occupied": false
        },
        "9": {
          "occupied": false
        }
      }
    }
  }
}
