{
  "version": "1.0",
  "wines": {
    "8410337311038": {
      "name": "Castaño Rosado Golosa Frescura",
      "winery": "Bodegas Castaño",
      "about_winery": "Bodegas Castaño is a family-run winery with a passion for Monastrell, combining tradition and modernity to create vibrant, character-driven wine.",
      "type": "Rose",
      "grape": "Monastrell",
      "region": "Yecla, Murcia",
      "country": "Spain",
      "vintage": "2023",
      "alcohol": 13,
      "volume": "750ml",
      "serving_temp": {
        "min": 16,
        "max": 18
      },
      "description": "This expressive rosé delights with its juicy freshness and vibrant character. Bursting with notes of ripe red berries, hints of watermelon, and a whisper of floral undertones, it offers a smooth, well-rounded texture. With a crisp, lingering finish, it’s ideal for those who seek charm, fruitiness, and elegance in every sip.",
      "flavours": "Juicy red berries such as strawberry and cherry, with floral hints and a rounded, refreshing finish.",
      "meal_type": ["Fish & Seafood", "Cheese"],
      "atmosphere": ["Picnic"],
      "avg_rating": 3.4,
      "price": "5-8 €",
      "img": "/img/wine/Rose/Castano-Rosado-Golosa-Frescura-Monastrell.png",
      "image_url": "/img/wine/Rose/Castano-Rosado-Golosa-Frescura-Monastrell-info-banner-2x.png"
    },
    "8410337311045": {
      "name": "Granza Organic Rosé Wine",
      "winery": "Granza",
      "about_winery": "Granza focuses on organic wines that reflect purity and sustainability in winemaking.",
      "type": "Rose",
      "grape": "Tempranillo, Garnacha",
      "region": "Cigales",
      "country": "Spain",
      "vintage": "2023",
      "alcohol": 12.5,
      "volume": "750ml",
      "serving_temp": {
        "min": 8,
        "max": 10
      },
      "description": "Organically produced, this Cigales rosé merges respect for nature with a vibrant fruit expression. Notes of red berries and wildflowers shine through, offering a naturally fresh and harmonious finish.",
      "flavours": "Fresh red berries and subtle herbal notes, with natural vibrancy.",
      "meal_type": ["White Meat"],
      "atmosphere": ["Cozy"],
      "avg_rating": null,
      "price": "6-9 €",
      "img": "/img/wine/Rose/Granza-Organic-Rose-Cigales.png",
      "image_url": "/img/wine/Rose/Granza-Organic-Rose-Cigales-info-banner-2x.png"
    },
    "8410337311052": {
      "name": "Alma Atlántica Rosé",
      "winery": "Alma Atlántica",
      "about_winery": "Alma Atlántica celebrates modern Galician wines with a youthful, vibrant twist.",
      "type": "Rose",
      "grape": "Albariño, Mencía",
      "region": "Galicia",
      "country": "Spain",
      "vintage": "2023",
      "alcohol": 11.5,
      "volume": "750ml",
      "serving_temp": {
        "min": 8,
        "max": 10
      },
      "description": "Inspired by the Atlantic breeze, this rosé offers a light and refreshing experience. Its aromatic profile includes fresh red fruits, citrus, and a subtle saline touch reminiscent of the sea. Ideal for those seeking a wine with a fresh, modern character.",
      "flavours": "Red berries with citrus zest and a faint saline touch.",
      "meal_type": ["Fish & Seafood", "Spicy Ethnic Cuisine"],
      "atmosphere": ["Romantic"],
      "avg_rating": null,
      "price": "7-11 €",
      "img": "/img/wine/Rose/Alma-Atlantica-Rose.png",
      "image_url": "/img/wine/Rose/Alma-Atlantica-Rose-info-banner-2x.png"
    },
    "8410337311069": {
      "name": "Cune Rosado",
      "winery": "Cune (CVNE)",
      "about_winery": "Cune (CVNE) blends tradition and innovation, producing wines since 1879.",
      "type": "Rose",
      "grape": "Tempranillo",
      "region": "Rioja Alta",
      "country": "Spain",
      "vintage": "2023",
      "alcohol": 13.0,
      "volume": "750ml",
      "serving_temp": {
        "min": 8,
        "max": 10
      },
      "description": "This fresh and fruity rosé captivates with aromas of strawberry, cherry, and a touch of peach. Medium-bodied with a silky texture, it strikes the perfect balance between acidity and sweetness, ending on a smooth and inviting note.",
      "flavours": "Raspberry, cherry, and a touch of peach with a smooth finish.",
      "meal_type": ["Vegetarian"],
      "atmosphere": ["Picnic"],
      "avg_rating": null,
      "price": "5-9 €",
      "img": "/img/wine/Rose/Cune-Rosado.png",
      "image_url": "/img/wine/Rose/Cune-Rosado-info-banner-2x.png"
    },
    "8410337311076": {
      "name": "Viña Pomal Rosado",
      "winery": "Viña Pomal",
      "about_winery": "Viña Pomal represents the classic Rioja spirit with over a century of expertise.",
      "type": "Rose",
      "grape": "Garnacha",
      "region": "Rioja Alta",
      "country": "Spain",
      "vintage": "2023",
      "alcohol": 13.0,
      "volume": "750ml",
      "serving_temp": {
        "min": 8,
        "max": 10
      },
      "description": "Bright in color and intense in aroma, this Garnacha-based rosé unfolds with notes of strawberry, raspberry, and rose petals. On the palate, it’s smooth and balanced, with a long, fresh finish—perfect for relaxing moments.",
      "flavours": "Notes of red fruits, rose petals, and a crisp mineral edge.",
      "meal_type": [],
      "atmosphere": ["Cozy"],
      "avg_rating": null,
      "price": "7-10 €",
      "img": "/img/wine/Rose/Viña-Pomal-Rosado.png",
      "image_url": "/img/wine/Rose/Viña-Pomal-Rosado-info-banner-2x.png"
    },
    "8410337311083": {
      "name": "Protos Clarete Rosé Wine",
      "winery": "Protos",
      "about_winery": "Protos combines tradition and excellence, rooted in Spain’s prestigious Ribera del Duero.",
      "type": "Rose",
      "grape": "Blend of red and white grapes",
      "region": "Cigales",
      "country": "Spain",
      "vintage": "2023",
      "alcohol": 13.5,
      "volume": "750ml",
      "serving_temp": {
        "min": 8,
        "max": 10
      },
      "description": "A characterful clarete that combines the structure of a red wine with the lightness of a rosé. Ripe red fruit aromas, herbal nuances, and a round texture lead to a persistent and refreshing finish. A perfect choice for those who enjoy intensity with freshness.",
      "flavours": "Juicy red fruits, subtle herbaceous notes, and good volume.",
      "meal_type": ["Cheese"],
      "atmosphere": ["Luxury"],
      "avg_rating": null,
      "price": "8-12 €",
      "img": "/img/wine/Rose/Protos-Clarete-Rose.png",
      "image_url": "/img/wine/Rose/Protos-Clarete-Rose-info-banner-2x.png"
    },
    "8410337311090": {
      "name": "Torres Viña Esmeralda Rosé",
      "winery": "Torres",
      "about_winery": "Torres is a globally respected family winery, known for its innovation and environmental commitment.",
      "type": "Rose",
      "grape": "Garnacha, Syrah",
      "region": "Catalonia",
      "country": "Spain",
      "vintage": "2023",
      "alcohol": 12.0,
      "volume": "750ml",
      "serving_temp": {
        "min": 8,
        "max": 10
      },
      "description": "This charming rosé captivates with its delicate hue and floral, fruity bouquet. Flavors of ripe strawberry, watermelon, and a hint of orange blossom create a silky, refreshing sensation that delights in every sip.",
      "flavours": "Strawberry, rosewater, and hints of watermelon.",
      "meal_type": ["Cheese", "Spicy Ethnic Cuisine"],
      "atmosphere": ["Romantic"],
      "avg_rating": null,
      "price": "6-9 €",
      "img": "/img/wine/Rose/Torres-Vina-Esmeralda-Rose.png",
      "image_url": "/img/wine/Rose/Torres-Vina-Esmeralda-Rose-info-banner-2x.png"
    },
    "8410337311106": {
      "name": "Montecillo Rosé",
      "winery": "Montecillo",
      "about_winery": "Montecillo is one of Rioja’s oldest wineries, committed to heritage and high-quality winemaking.",
      "type": "Rose",
      "grape": "Garnacha, Tempranillo",
      "region": "Rioja Alta",
      "country": "Spain",
      "vintage": "2023",
      "alcohol": 13.0,
      "volume": "750ml",
      "serving_temp": {
        "min": 8,
        "max": 10
      },
      "description": "With a pale pink hue and elegant character, this Rioja rosé stands out for its smoothness and finesse. Notes of red berries like cherry and currant blend with a subtle citrus touch. The finish is clean and refreshing—ideal for those who appreciate sophistication in every glass.",
      "flavours": "Fresh notes of cherry, wild strawberry, and a subtle citrus lift.",
      "meal_type": ["Fish & Seafood", "Cheese"],
      "atmosphere": ["Picnic"],
      "avg_rating": null,
      "price": "6-10 €",
      "img": "/img/wine/Rose/Montecillo-Rose-Rioja.png",
      "image_url": "/img/wine/Rose/Montecillo-Rose-Rioja-info-banner-2x.png"
    },
    "8410337311113": {
      "name": "Fidencio Rosado",
      "winery": "Bodegas Finca La Blanca",
      "about_winery": "Produced by Bodegas Finca La Blanca, a family-run estate with a tradition of crafting approachable wines that highlight the purity of their native region.",
      "type": "Rose",
      "grape": "Blend of local red varietals",
      "region": "La Mancha",
      "country": "Spain",
      "vintage": "2024",
      "alcohol": 12.0,
      "volume": "750ml",
      "serving_temp": {
        "min": 8,
        "max": 10
      },
      "description": "This elegant rosé from La Mancha dazzles with its vibrant pink hue and youthful charm. Bursting with aromas of red berries, strawberry, and a hint of floral sweetness, it offers a smooth, refreshing texture. Balanced and lively, it delivers a crisp finish that makes it the perfect choice for warm days or light-hearted gatherings.",
      "flavours": "Notes of strawberry, raspberry, and a gentle floral undertone, with a clean, smooth texture and a refreshing finish.",
      "meal_type": ["Vegetarian"],
      "atmosphere": ["Family"],
      "avg_rating": null,
      "price": "5-10 €",
      "img": "/img/wine/Rose/Fidencio-Rosado.png",
      "image_url": "/img/wine/Rose/Fidencio-Rosado-info-banner-2x.png"
    },
    "8410337311120": {
      "name": "Veliterra Rueda Verdejo",
      "winery": "Veliterra",
      "about_winery": "Veliterra focuses on expressive varietals from traditional Spanish regions, offering freshness and authenticity in every bottle.",
      "type": "White",
      "grape": "Verdejo",
      "region": "Rueda, Castilla y León",
      "country": "Spain",
      "vintage": "2023",
      "alcohol": 12.5,
      "volume": "750ml",
      "serving_temp": {
        "min": 6,
        "max": 8
      },
      "description": "This crisp Verdejo from Rueda offers a bright and zesty profile, with notes of green apple, citrus, and a touch of fennel. Fresh and vibrant, it delivers a lively, clean finish—ideal for those who enjoy clarity and freshness in every glass.",
      "flavours": "Green apple, citrus zest, and subtle fennel with a crisp and dry finish.",
      "meal_type": ["Fish & Seafood"],
      "atmosphere": ["Business"],
      "avg_rating": null,
      "price": "4-7 €",
      "img": "/img/wine/White/Veliterra-Rueda-Verdejo.png",
      "image_url": "/img/wine/White/Veliterra-Rueda-Verdejo-info-banner-2x.png"
    },
    "8410337311137": {
      "name": "CUATRO RAYAS Cantarranas Verdejo",
      "winery": "Cuatro Rayas",
      "about_winery": "Cuatro Rayas is a cooperative with deep roots in Rueda, producing consistent and expressive Verdejos.",
      "type": "White",
      "grape": "Verdejo",
      "region": "Rueda",
      "country": "Spain",
      "vintage": "2023",
      "alcohol": 13.0,
      "volume": "750ml",
      "serving_temp": {
        "min": 6,
        "max": 8
      },
      "description": "Aromatic and refreshing, this Verdejo delights with hints of tropical fruit, citrus peel, and fresh herbs. Its smooth texture and balanced acidity make it a perfect companion for light dishes and relaxed moments.",
      "flavours": "Tropical fruits, citrus, and floral notes with refreshing acidity.",
      "meal_type": ["White Meat", "Vegetarian"],
      "atmosphere": ["Picnic"],
      "avg_rating": null,
      "price": "5-9 €",
      "img": "/img/wine/White/Cuatro-Rayas-Cantarranas-Verdejo.png",
      "image_url": "/img/wine/White/Cuatro-Rayas-Cantarranas-Verdejo-info-banner-2x.png"
    },
    "8410337311144": {
      "name": "Ramón Bilbao Verdejo",
      "winery": "Ramón Bilbao",
      "about_winery": "Ramón Bilbao combines innovation and tradition to produce expressive wines with personality.",
      "type": "White",
      "grape": "Verdejo",
      "region": "Rueda",
      "country": "Spain",
      "vintage": "2023",
      "alcohol": 12.5,
      "volume": "750ml",
      "serving_temp": {
        "min": 6,
        "max": 8
      },
      "description": "Elegant and expressive, this Rueda Verdejo features aromas of white peach, lemon zest, and subtle floral notes. On the palate, it is fresh and silky, with a refined finish that lingers gently—perfect for lovers of finesse and brightness.",
      "flavours": "White peach, lime, and floral aromas with a smooth and zesty finish.",
      "meal_type": ["Fish & Seafood", "Cheese"],
      "atmosphere": ["Romantic"],
      "avg_rating": null,
      "price": "6-10 €",
      "img": "/img/wine/White/Ramon-Bilbao-Verdejo.png",
      "image_url": "/img/wine/White/Ramon-Bilbao-Verdejo-info-banner-2x.png"
    },
    "8410337311151": {
      "name": "CUATRO RAYAS Verdejo Vendimia Nocturna",
      "winery": "Cuatro Rayas",
      "about_winery": "Cuatro Rayas specializes in Verdejo, with modern techniques and a sustainable focus.",
      "type": "White",
      "grape": "Verdejo",
      "region": "Rueda",
      "country": "Spain",
      "vintage": "2023",
      "alcohol": 13.0,
      "volume": "750ml",
      "serving_temp": {
        "min": 6,
        "max": 8
      },
      "description": "Harvested under the cool night sky, this wine preserves its vibrant aromas of lime, pear, and fresh-cut grass. Its crisp acidity and clean finish make it a refreshing and lively choice for warm evenings or seafood pairings.",
      "flavours": "Notes of pear, citrus, and green herbs with vibrant acidity.",
      "meal_type": ["Vegetarian", "Spicy Ethnic Cuisine"],
      "atmosphere": ["Business"],
      "avg_rating": null,
      "price": "6-9 €",
      "img": "/img/wine/White/Quatro-Rayas-Verdejo-Vendimia-Nocturna.png",
      "image_url": "/img/wine/White/Quatro-Rayas-Verdejo-Vendimia-Nocturna-info-banner-2x.png"
    },
    "8410337311168": {
      "name": "Hoya de Cadenas Chardonnay Sauvignon Blanc",
      "winery": "Hoya de Cadenas",
      "about_winery": "Hoya de Cadenas is known for combining Mediterranean terroir with innovative techniques.",
      "type": "White",
      "grape": "Chardonnay, Sauvignon Blanc",
      "region": "Utiel-Requena",
      "country": "Spain",
      "vintage": "2023",
      "alcohol": 12.0,
      "volume": "750ml",
      "serving_temp": {
        "min": 6,
        "max": 8
      },
      "description": "A delightful blend of Chardonnay and Sauvignon Blanc, this white wine opens with tropical fruits, citrus, and a hint of white flowers. Balanced and smooth, it offers a refreshing finish with a touch of creaminess that enhances its complexity.",
      "flavours": "Pineapple, lemon, and white flower aromas with a crisp, clean finish.",
      "meal_type": ["Fish & Seafood", "Vegetarian"],
      "atmosphere": ["Picnic"],
      "avg_rating": null,
      "price": "5-8 €",
      "img": "/img/wine/White/Hoya-De-Cadenas-Chardonnay-Sauvingon-Blanc.png",
      "image_url": "/img/wine/White/Hoya-De-Cadenas-Chardonnay-Sauvingon-Blanc-info-banner-2x.png"
    },
    "8410337311175": {
      "name": "Celeste Verdejo",
      "winery": "Celeste",
      "about_winery": "Part of the Torres family, Celeste wines are inspired by the night sky and mountain vineyards.",
      "type": "White",
      "grape": "Verdejo",
      "region": "Rueda",
      "country": "Spain",
      "vintage": "2023",
      "alcohol": 13.0,
      "volume": "750ml",
      "serving_temp": {
        "min": 6,
        "max": 8
      },
      "description": "Inspired by the stars of the Ribera del Duero sky, this Verdejo bursts with aromas of grapefruit, passion fruit, and herbal nuances. Its vibrant palate and lingering freshness make it an elegant expression of modern white winemaking.",
      "flavours": "Grapefruit, passion fruit, and floral hints with crisp minerality.",
      "meal_type": ["Fish & Seafood", "Cheese", "Spicy Ethnic Cuisine"],
      "atmosphere": ["Luxury"],
      "avg_rating": null,
      "price": "7-11 €",
      "img": "/img/wine/White/Pago-del-Cielo-Celeste-Verdejo.png",
      "image_url": "/img/wine/White/Pago-del-Cielo-Celeste-Verdejo-info-banner-2x.png"
    },
    "8410337311182": {
      "name": "CUATRO RAYAS Pampano Organic Afrutado Verdejo",
      "winery": "Cuatro Rayas",
      "about_winery": "Cuatro Rayas embraces sustainability, producing wines that are pure and eco-friendly.",
      "type": "White",
      "grape": "Organic Verdejo",
      "region": "Rueda",
      "country": "Spain",
      "vintage": "2023",
      "alcohol": 11.5,
      "volume": "750ml",
      "serving_temp": {
        "min": 6,
        "max": 8
      },
      "description": "This organic, fruit-forward Verdejo showcases juicy pear, melon, and hints of floral honey. Soft on the palate with gentle sweetness, it’s a charming and approachable wine for those who enjoy aromatic whites with a smooth finish.",
      "flavours": "Juicy pear, melon, and floral honey with a light sweetness.",
      "meal_type": ["Cheese", "Spicy Ethnic Cuisine"],
      "atmosphere": ["Family"],
      "avg_rating": null,
      "price": "6-9 €",
      "img": "/img/wine/White/CUATRO-RAYAS-Pampano-Organic-Afrutado-Verdejo.png",
      "image_url": "/img/wine/White/CUATRO-RAYAS-Pampano-Organic-Afrutado-Verdejo-info-banner-2x.png"
    },
    "8410337311199": {
      "name": "Señorío de los Llanos Verdejo",
      "winery": "Señorío de los Llanos",
      "about_winery": "Señorío de los Llanos produces value-driven wines with regional identity.",
      "type": "White",
      "grape": "Verdejo",
      "region": "La Mancha",
      "country": "Spain",
      "vintage": "2023",
      "alcohol": 12.5,
      "volume": "750ml",
      "serving_temp": {
        "min": 6,
        "max": 8
      },
      "description": "Light and refreshing, this Verdejo offers clean aromas of green apple, citrus, and a subtle herbaceous touch. With a smooth, easy-drinking character, it’s a versatile wine ideal for casual sipping or light appetizers.",
      "flavours": "Green apple, lemon peel, and light herbal tones.",
      "meal_type": ["White Meat", "Vegetarian"],
      "atmosphere": ["Picnic"],
      "avg_rating": null,
      "price": "4-7 €",
      "img": "/img/wine/White/Senorio-de-Los-Llanos-Verdejo.png",
      "image_url": "/img/wine/White/Senorio-de-Los-Llanos-Verdejo-info-banner-2x.png"
    },
    "8410337311205": {
      "name": "Finca del Mar Verdejo",
      "winery": "Finca del Mar",
      "about_winery": "Finca del Mar blends sea breeze and sun in expressive, easy-drinking wines.",
      "type": "White",
      "grape": "Verdejo",
      "region": "Valencia",
      "country": "Spain",
      "vintage": "2023",
      "alcohol": 12.5,
      "volume": "750ml",
      "serving_temp": {
        "min": 6,
        "max": 8
      },
      "description": "Evoking coastal freshness, this Verdejo features bright citrus, white peach, and floral hints. Its lively acidity and crisp finish provide a refreshing experience that pairs beautifully with seafood or Mediterranean cuisine.",
      "flavours": "Citrus, stone fruit, and light floral notes with a smooth, balanced finish.",
      "meal_type": ["Fish & Seafood"],
      "atmosphere": ["Picnic"],
      "avg_rating": null,
      "price": "5-8 €",
      "img": "/img/wine/White/Finca-del-Mar-Verdejo.png",
      "image_url": "/img/wine/White/Finca-del-Mar-Verdejo-info-banner-2x.png"
    },
    "8410337311212": {
      "name": "Viña Cumbrero Crianza",
      "winery": "Viña Cumbrero",
      "about_winery": "Traditional Rioja producer focused on authentic barrel-aged reds.",
      "type": "Red",
      "grape": "Tempranillo",
      "region": "Rioja Alta",
      "country": "Spain",
      "vintage": "2020",
      "alcohol": 13.5,
      "volume": "750ml",
      "serving_temp": {
        "min": 16,
        "max": 18
      },
      "description": "This refined Crianza from Rioja reveals a harmonious balance of ripe red fruits, vanilla, and subtle spice from oak aging. Smooth and full-bodied, it offers a lingering finish with hints of toast and sweet spice—perfect for those who value elegance and tradition.",
      "flavours": "Ripe red fruits, vanilla, and spice with a smooth, oaky finish.",
      "meal_type": ["Red Meat"],
      "atmosphere": ["Business"],
      "avg_rating": null,
      "price": "6-10 €",
      "img": "/img/wine/Red/Vina-Cumbrero-Crianza.png",
      "image_url": "/img/wine/Red/Vina-Cumbrero-Crianza-info-banner-2x.png"
    },
    "8410337311229": {
      "name": "Montesierra Young Red Wine",
      "winery": "Montesierra",
      "about_winery": "Focuses on expressive, fruit-forward young wines.",
      "type": "Red",
      "grape": "Tempranillo, Garnacha",
      "region": "Somontano",
      "country": "Spain",
      "vintage": "2022",
      "alcohol": 13.0,
      "volume": "750ml",
      "serving_temp": {
        "min": 14,
        "max": 16
      },
      "description": "Fresh and fruity, this young red displays vibrant notes of cherry, raspberry, and a touch of licorice. Light and easy-drinking, it’s an ideal choice for casual moments, delivering pure varietal expression with a smooth finish.",
      "flavours": "Fresh cherry, raspberry, licorice.",
      "meal_type": ["Vegetarian"],
      "atmosphere": ["Family"],
      "avg_rating": null,
      "price": "4-7 €",
      "img": "/img/wine/Red/MonteSierra-Young.png",
      "image_url": "/img/wine/Red/MonteSierra-Young-info-banner-2x.png"
    },
    "8410337311236": {
      "name": "Hoya de Cadenas Cabernet Sauvignon Crianza",
      "winery": "Hoya de Cadenas",
      "about_winery": "Combines modern techniques and Mediterranean tradition.",
      "type": "Red",
      "grape": "Cabernet Sauvignon",
      "region": "Utiel-Requena",
      "country": "Spain",
      "vintage": "2020",
      "alcohol": 13.5,
      "volume": "750ml",
      "serving_temp": {
        "min": 16,
        "max": 18
      },
      "description": "Crafted with precision, this Cabernet Sauvignon offers bold flavors of blackberry, black pepper, and oak. Aged in barrel for added complexity, it delivers a rich, structured mouthfeel and a long, satisfying finish—ideal for lovers of intense, elegant reds.",
      "flavours": "Blackberry, black pepper, oak.",
      "meal_type": ["Red Meat"],
      "atmosphere": [],
      "avg_rating": null,
      "price": "6-9 €",
      "img": "/img/wine/Red/Hoya-De-Cadenas-Cabarnet-Suavignon-Crianza.png",
      "image_url": "/img/wine/Red/Hoya-De-Cadenas-Cabarnet-Suavignon-Crianza-info-banner-2x.png"
    },
    "8410337311243": {
      "name": "Pata Negra Crianza",
      "winery": "Pata Negra",
      "about_winery": "Known for expressive, powerful reds.",
      "type": "Red",
      "grape": "Tempranillo",
      "region": "Ribera del Duero",
      "country": "Spain",
      "vintage": "2020",
      "alcohol": 14.0,
      "volume": "750ml",
      "serving_temp": {
        "min": 16,
        "max": 18
      },
      "description": "A classic Ribera del Duero, this Crianza reveals deep aromas of black fruit, toast, and a touch of clove. Balanced and velvety, its well-integrated tannins and persistent finish make it an excellent companion to hearty dishes and fine dining.",
      "flavours": "Black fruits, vanilla, toasted oak.",
      "meal_type": ["Red Meat"],
      "atmosphere": ["Luxury"],
      "avg_rating": null,
      "price": "7-11 €",
      "img": "/img/wine/Red/Pata-Negra-Crianza.png",
      "image_url": "/img/wine/Red/Pata-Negra-Crianza-info-banner-2x.png"
    },
    "8410337311250": {
      "name": "Laudum Monastrell Roble",
      "winery": "Bodegas Bocopa",
      "about_winery": "Bodegas Bocopa blends innovation and tradition.",
      "type": "Red",
      "grape": "Monastrell",
      "region": "Alicante",
      "country": "Spain",
      "vintage": "2022",
      "alcohol": 14.0,
      "volume": "750ml",
      "serving_temp": {
        "min": 16,
        "max": 18
      },
      "description": "This expressive Monastrell, aged briefly in oak, offers rich aromas of plum, spice, and toasted wood. Full-bodied yet smooth, it delivers depth and warmth with a touch of Mediterranean soul in every sip.",
      "flavours": "Plum, herbs, sweet spice.",
      "meal_type": ["Red Meat", "Cheese", "Vegetarian"],
      "atmosphere": ["Cozy"],
      "avg_rating": null,
      "price": "6-9 €",
      "img": "/img/wine/Red/Laudium-Monastrell-Roble.png",
      "image_url": "/img/wine/Red/Laudium-Monastrell-Roble-info-banner-2x.png"
    },
    "8410337311267": {
      "name": "Bodegas Aragonesas Solo Syrah Tirio",
      "winery": "Bodegas Aragonesas",
      "about_winery": "Bodegas Aragonesas highlights varietal purity.",
      "type": "Red",
      "grape": "Syrah",
      "region": "Campo de Borja",
      "country": "Spain",
      "vintage": "2022",
      "alcohol": 14.0,
      "volume": "750ml",
      "serving_temp": {
        "min": 16,
        "max": 18
      },
      "description": "Made from 100% Syrah, this bold red wine opens with dark fruit aromas, violet, and black pepper. Silky and intense, it showcases the varietal’s character with elegance and power—perfect for those who enjoy expressive, modern reds.",
      "flavours": "Dark berries, black pepper, violet.",
      "meal_type": ["Red Meat"],
      "atmosphere": ["Romantic"],
      "avg_rating": null,
      "price": "6-10 €",
      "img": "/img/wine/Red/Bodegas Aragonesas-Solo-Syrah-Tirio.png",
      "image_url": "/img/wine/Red/Bodegas Aragonesas-Solo-Syrah-Tirio-info-banner-2x.png"
    },
    "8410337311274": {
      "name": "Finca del Mar Cabernet Sauvignon Crianza",
      "winery": "Finca del Mar",
      "about_winery": "Inspired by the Mediterranean sea and sun.",
      "type": "Red",
      "grape": "Cabernet Sauvignon",
      "region": "Valencia",
      "country": "Spain",
      "vintage": "2020",
      "alcohol": 13.5,
      "volume": "750ml",
      "serving_temp": {
        "min": 16,
        "max": 18
      },
      "description": "This Crianza-style Cabernet seduces with blackcurrant, roasted coffee, and spice notes. Its oak aging brings structure and a smooth finish, offering a bold yet polished experience for refined palates.",
      "flavours": "Cassis, spice, vanilla.",
      "meal_type": ["Red Meat", "Spicy Ethnic Cuisine"],
      "atmosphere": ["Business"],
      "avg_rating": null,
      "price": "6-9 €",
      "img": "/img/wine/Red/Finca-del-Mar-Cabernet-Sauvignon-Crianza.png",
      "image_url": "/img/wine/Red/Finca-del-Mar-Cabernet-Sauvignon-Crianza-info-banner-2x.png"
    },
    "8410337311281": {
      "name": "Señorío de los Llanos Reserva",
      "winery": "Señorío de los Llanos",
      "about_winery": "Traditional and balanced winemaking.",
      "type": "Red",
      "grape": "Tempranillo",
      "region": "Valdepeñas",
      "country": "Spain",
      "vintage": "2018",
      "alcohol": 13.0,
      "volume": "750ml",
      "serving_temp": {
        "min": 16,
        "max": 18
      },
      "description": "Aged to perfection, this Reserva wine reveals complex layers of dried fruit, leather, and vanilla. Elegant and mature, its smooth tannins and long finish make it a timeless choice for classic wine lovers.",
      "flavours": "Dried cherry, vanilla, leather.",
      "meal_type": ["Red Meat", "Cheese"],
      "atmosphere": ["Cozy"],
      "avg_rating": null,
      "price": "5-8 €",
      "img": "/img/wine/Red/Senorio-de-los-Llanos-Reserva.png",
      "image_url": "/img/wine/Red/Senorio-de-los-Llanos-Reserva-info-banner-2x.png"
    },
    "8410337311298": {
      "name": "Silanus Young Red",
      "winery": "Silanus",
      "about_winery": "Vibrant wines showcasing Extremadura’s terroir.",
      "type": "Red",
      "grape": "Local varietals",
      "region": "Ribera del Guadiana",
      "country": "Spain",
      "vintage": "2022",
      "alcohol": 13.0,
      "volume": "750ml",
      "serving_temp": {
        "min": 14,
        "max": 16
      },
      "description": "Youthful and vibrant, this red wine presents fresh aromas of berries, cherry, and soft floral touches. Light-bodied with a juicy character, it’s ideal for casual enjoyment with a clean, approachable finish.",
      "flavours": "Red berries, floral notes, juicy body.",
      "meal_type": ["Vegetarian"],
      "atmosphere": ["Picnic"],
      "avg_rating": null,
      "price": "4-7 €",
      "img": "/img/wine/Red/Silanus-Young-Red.png",
      "image_url": "/img/wine/Red/Silanus-Young-Red-info-banner-2x.png"
    }
  }
}
